{"cameraMode":{"drawMode":0,"name":"Shaded","section":"Shading Mode"},"sceneLighting":false,"audioPlay":false,"sceneViewState":{"showFog":true,"showMaterialUpdate":false,"showSkybox":false,"showFlares":true,"showImageEffects":true,"showParticleSystems":true},"in2DMode":false,"pivot":{"x":70.7559585571289,"y":10.969974517822266,"z":23.17571258544922},"rotation":{"x":-0.2783038318157196,"y":0.44520610570907595,"z":-0.14882706105709077,"w":-0.8382896780967712},"size":4.041658401489258,"orthographic":false}