{"cameraMode":{"drawMode":0,"name":"Shaded","section":"Shading Mode"},"sceneLighting":false,"audioPlay":false,"sceneViewState":{"showFog":true,"showMaterialUpdate":false,"showSkybox":false,"showFlares":true,"showImageEffects":true,"showParticleSystems":true},"in2DMode":false,"pivot":{"x":67.09085083007813,"y":50.41173553466797,"z":-19.002784729003908},"rotation":{"x":-0.34985044598579409,"y":0.07217425853013993,"z":-0.028160104528069497,"w":-0.9339525699615479},"size":4.041658401489258,"orthographic":false}