{"cameraMode":{"drawMode":0,"name":"Shaded","section":"Shading Mode"},"sceneLighting":false,"audioPlay":false,"sceneViewState":{"showFog":true,"showMaterialUpdate":false,"showSkybox":false,"showFlares":true,"showImageEffects":true,"showParticleSystems":true},"in2DMode":false,"pivot":{"x":-0.14155328273773194,"y":61.72138214111328,"z":-107.42574310302735},"rotation":{"x":-0.16627874970436097,"y":-0.171630859375,"z":0.02857368253171444,"w":-0.9707698822021484},"size":4.041658401489258,"orthographic":false}