{"cameraMode":{"drawMode":0,"name":"Shaded","section":"Shading Mode"},"sceneLighting":false,"audioPlay":false,"sceneViewState":{"showFog":true,"showMaterialUpdate":false,"showSkybox":false,"showFlares":true,"showImageEffects":true,"showParticleSystems":true},"in2DMode":false,"pivot":{"x":100.29850769042969,"y":11.435994148254395,"z":73.13521575927735},"rotation":{"x":0.058985039591789249,"y":-0.8981763124465942,"z":0.1351480484008789,"w":0.4152696132659912},"size":4.0416579246521,"orthographic":false}