{"cameraMode":{"drawMode":0,"name":"Shaded","section":"Shading Mode"},"sceneLighting":false,"audioPlay":false,"sceneViewState":{"showFog":true,"showMaterialUpdate":false,"showSkybox":false,"showFlares":true,"showImageEffects":true,"showParticleSystems":true},"in2DMode":false,"pivot":{"x":53.52260208129883,"y":7.197186470031738,"z":51.06866455078125},"rotation":{"x":-0.24445854127407075,"y":-0.18940724432468415,"z":0.04682644456624985,"w":-0.9504232406616211},"size":23.91351890563965,"orthographic":false}