{"cameraMode":{"drawMode":0,"name":"Shaded","section":"Shading Mode"},"sceneLighting":false,"audioPlay":false,"sceneViewState":{"showFog":true,"showMaterialUpdate":false,"showSkybox":false,"showFlares":true,"showImageEffects":true,"showParticleSystems":true},"in2DMode":false,"pivot":{"x":36.43637466430664,"y":12.716771125793457,"z":38.626487731933597},"rotation":{"x":-0.20716965198516847,"y":-0.7106130123138428,"z":0.22983063757419587,"w":-0.6327835917472839},"size":23.91351890563965,"orthographic":false}