{"cameraMode":{"drawMode":0,"name":"Shaded","section":"Shading Mode"},"sceneLighting":false,"audioPlay":false,"sceneViewState":{"showFog":true,"showMaterialUpdate":false,"showSkybox":false,"showFlares":true,"showImageEffects":true,"showParticleSystems":true},"in2DMode":false,"pivot":{"x":48.6724967956543,"y":21.58763313293457,"z":89.42256164550781},"rotation":{"x":-0.0009375379886478186,"y":-0.9732743501663208,"z":0.2314015030860901,"w":0.008590471930801869},"size":4.041658401489258,"orthographic":false}