{"cameraMode":{"drawMode":0,"name":"Shaded","section":"Shading Mode"},"sceneLighting":false,"audioPlay":false,"sceneViewState":{"showFog":true,"showMaterialUpdate":false,"showSkybox":false,"showFlares":true,"showImageEffects":true,"showParticleSystems":true},"in2DMode":false,"pivot":{"x":78.99409484863281,"y":14.90304946899414,"z":65.4142837524414},"rotation":{"x":0.10618133097887039,"y":-0.5447548627853394,"z":0.06996864080429077,"w":0.828976035118103},"size":2.8578836917877199,"orthographic":false}